score,num_comments,created_utc,author,is_self
0,10,1702967610.0,JaneDoeThought,False
15,7,1702966639.0,marji80,False
7,17,1702965791.0,Affectionate-Cup5202,False
21,4,1702965737.0,tta2013,False
10,5,1702964395.0,ParadeSit,False
0,85,1702961259.0,throwaway16830261,False
27,4,1702960722.0,DaveP0953,False
41,35,1702960717.0,reuters,False
92,14,1702960145.0,marji80,False
0,53,1702958447.0,redditor01020,False
600,19,1702957535.0,Arrest_The_President,False
27,93,1702957071.0,ucrquestionthrowawa,False
172,12,1702956874.0,kirby__000,False
258,27,1702956597.0,nacorom,False
71,12,1702955939.0,LunchyPete,False
839,73,1702954564.0,moo-a-dib,False
511,24,1702954303.0,riden-biden,False
64,40,1702953746.0,blutbad_buddy,False
70,9,1702953699.0,Severe_County_5041,False
94,23,1702951664.0,axios,False
277,19,1702951381.0,UWCG,False
0,64,1702949493.0,jgeorge20,False
19,3,1702948968.0,hunter15991,False
0,273,1702947831.0,inferno006,False
175,16,1702946597.0,OXMWEPW,False
1084,241,1702946057.0,Sandstorm400,False
28,10,1702945632.0,mlivesocial,False
0,23,1702943701.0,wefarrell,False
720,47,1702943576.0,throwaway5272,False
0,36,1702943481.0,Helicase21,False
69,95,1702943046.0,MrDonMega,False
469,16,1702943001.0,MiamiPower,False
47,41,1702942812.0,wenchette,False
0,62,1702942798.0,weareallpatriots,False
771,95,1702942513.0,southpawFA,False
296,7,1702942312.0,3kOlen,False
214,18,1702941745.0,o8Stu,False
80,10,1702941028.0,hunter15991,False
437,19,1702940764.0,jlbhappy,False
3778,122,1702940209.0,devlinadl,False
117,13,1702939829.0,davster39,False
57,18,1702939643.0,VGAddict,False
119,13,1702939522.0,throwaway5272,False
106,11,1702939347.0,wokeoneof2,False
87,42,1702939318.0,GM_PhillipAsshole,False
0,15,1702938916.0,newsspotter,False
24,16,1702938272.0,Green_Flamingo_5835,False
554,22,1702937962.0,Rock-n-roll-Kevin,False
0,44,1702937931.0,CollisionResistance,False
91,7,1702937881.0,Afrin_Drip,False
272,12,1702937747.0,Plastic-Age5205,False
34,9,1702937729.0,coasterghost,False
0,125,1702937617.0,Michael12l,False
1749,232,1702937226.0,joshdoereddit,False
186,100,1702937217.0,onyxcl,False
781,43,1702937046.0,_Piratical_,False
263,66,1702936085.0,aslan_is_on_the_move,False
268,16,1702935979.0,coasterghost,False
43,15,1702935648.0,Plastic-Age5205,False
207,35,1702935244.0,southpawFA,False
41,65,1702934853.0,reuters,False
12,19,1702934738.0,moo-a-dib,False
4657,220,1702934521.0,AnalSoapOpera,False
227,12,1702934045.0,moo-a-dib,False
130,3,1702934045.0,ColtonSlade,False
390,77,1702934044.0,thisisinsider,False
80,12,1702933986.0,Suspicious-Bad4703,False
222,4,1702933868.0,besselfunctions,False
378,17,1702933213.0,Rock-n-roll-Kevin,False
257,9,1702932886.0,redditor01020,False
3578,113,1702932320.0,mvanigan,False
62,4,1702932022.0,tubulerz1,False
0,13,1702931561.0,thenewrepublic,False
0,8,1702931332.0,theindependentonline,False
124,35,1702931002.0,3kOlen,False
0,97,1702930497.0,pushuppp,False
79,5,1702930439.0,outspoken33334,False
4857,309,1702929492.0,Anchor_Aways,False
0,92,1702929207.0,1-randomonium,False
87,12,1702928792.0,Afrin_Drip,False
83,8,1702928781.0,newnemo,False
1848,116,1702928207.0,Quirkie,False
135,20,1702928197.0,wenchette,False
1502,44,1702928170.0,Picture-unrelated,False
234,16,1702927903.0,votebeat,False
13294,701,1702927513.0,MistressWinterStars,False
1418,34,1702926967.0,SFT3076,False
668,71,1702926855.0,3baechu,False
187,10,1702926652.0,meatballlover1969,False
126,16,1702925587.0,devlinadl,False
21,124,1702924802.0,aslan_is_on_the_move,False
3589,231,1702924075.0,thenewrepublic,False
171,16,1702923889.0,DaveP0953,False
84,82,1702922798.0,aslan_is_on_the_move,False
1267,39,1702922476.0,Quirkie,False
0,15,1702922157.0,thenewrepublic,False
0,30,1702922001.0,The_Iceman2288,False
26,3,1702921934.0,optimalg,True
5448,856,1702921501.0,Arrest_The_President,False
0,198,1702921043.0,okguy65,False
5466,336,1702919390.0,UWCG,False
0,130,1702918625.0,matali,False
109,36,1702918589.0,jayfeather31,False
31,5,1702916676.0,AndicusPrime,False
141,32,1702916370.0,zaparthes,False
336,39,1702916005.0,Best-Subject-7253,False
31,1,1702915662.0,hunter15991,False
981,88,1702915632.0,Claeyt,False
0,48,1702915611.0,LeftyBoyo,False
923,77,1702915352.0,CommanderMcBragg,False
17108,1337,1702915348.0,VICENews,False
1050,87,1702915332.0,davster39,False
307,30,1702915111.0,thenewrepublic,False
163,48,1702914988.0,3kOlen,False
1942,246,1702914380.0,1313_Mockingbird_Ln,False
0,188,1702914140.0,darrylgorn,False
138,19,1702913746.0,UGMadness,False
5064,772,1702913430.0,semaphore-1842,False
0,200,1702913018.0,AngelaMotorman,False
23,6,1702912476.0,3kOlen,False
2266,426,1702911609.0,Quirkie,False
0,40,1702911346.0,moo-a-dib,False
251,105,1702911236.0,paul_kinsey,False
88,14,1702910819.0,thedailybeast,False
502,22,1702909693.0,Hrmbee,False
3186,114,1702909609.0,ppldontread,False
4797,158,1702909454.0,washingtonpost,False
3284,341,1702908930.0,StuFromSilverSpring,False
3854,229,1702907732.0,vincevega87,False
1130,65,1702907517.0,mountaintop111,False
2928,95,1702907172.0,prohb,False
44,9,1702907085.0,cnbc_official,False
233,4,1702906793.0,temporarycreature,False
1041,131,1702904267.0,OtmShanks55,False
106,34,1702903300.0,semaphore-1842,False
699,21,1702903151.0,newnemo,False
599,26,1702902230.0,Ganon_Cubana,False
0,43,1702901514.0,newsweek,False
242,61,1702901407.0,zsreport,False
2281,98,1702900695.0,BelleAriel,False
920,132,1702899865.0,theindependentonline,False
352,22,1702899355.0,zsreport,False
18450,3473,1702896443.0,quitofilms,False
132,5,1702895497.0,castella-1557,False
2128,172,1702894138.0,Xinnie8964,False
265,49,1702893403.0,theindependentonline,False
70,3,1702885990.0,kirby__000,False
134,20,1702883886.0,the_cutest_commie,False
0,10,1702883816.0,Stranger1982,False
47,8,1702881598.0,zaparthes,False
2493,373,1702879743.0,nutritionvegan,False
3411,214,1702873560.0,Arrest_The_President,False
707,46,1702869872.0,ColtonSlade,False
107,5,1702869739.0,BBQBakedBeings,False
217,25,1702869112.0,johnnybiggles,False
4722,415,1702868605.0,giantyetifeet,False
220,30,1702866522.0,Oleg101,False
490,9,1702866413.0,axios,False
4945,742,1702865935.0,cogit4se,False
3027,121,1702863721.0,RexSueciae,False
891,19,1702857693.0,southpawFA,False
217,50,1702857514.0,axios,False
2373,175,1702855029.0,kirby__000,False
694,42,1702854902.0,ExternalVariation733,False
601,121,1702850252.0,semaphore-1842,False
201,12,1702849991.0,PlethoraOfPinatass,False
230,35,1702847817.0,theatlantic,False
1690,403,1702847545.0,yocumkj,False
73,172,1702847167.0,najumobi,False
503,29,1702846267.0,FinallyNoelle,False
0,214,1702846192.0,Realistic-One5674,False
700,36,1702844785.0,coasterghost,False
1070,154,1702844416.0,VGAddict,False
297,18,1702843946.0,greenblue98,False
618,100,1702843816.0,southpawFA,False
222,32,1702843004.0,3kOlen,False
75,83,1702841713.0,newsspotter,False
3937,591,1702840843.0,thisisinsider,False
2957,243,1702840291.0,aslan_is_on_the_move,False
861,54,1702837496.0,just_the_facts_man,False
132,13,1702837114.0,3kOlen,False
19509,1458,1702836117.0,wenchette,False
65,6,1702835996.0,nosotros_road_sodium,False
0,73,1702835949.0,LeftyBoyo,False
1111,72,1702835722.0,etfvpu,False
92,6,1702834805.0,aslan_is_on_the_move,False
149,41,1702834073.0,aslan_is_on_the_move,False
833,52,1702833966.0,TurretLauncher,False
693,92,1702833089.0,zsreport,False
2722,130,1702832838.0,moo-a-dib,False
2680,436,1702831820.0,newfrontier58,False
41,18,1702830426.0,wenchette,False
4820,208,1702829630.0,UWCG,False
5069,287,1702829561.0,Green_Flamingo_5835,False
177,228,1702829485.0,StuFromSilverSpring,False
339,138,1702826578.0,davster39,False
1621,158,1702826338.0,SpaceElevatorMusic,False
364,97,1702824989.0,SpaceElevatorMusic,False
3701,260,1702823154.0,moo-a-dib,False
2851,159,1702822315.0,reddicyoulous,False
88,141,1702821937.0,theindependentonline,False
1993,126,1702821110.0,bloombergopinion,False
2668,193,1702820756.0,ObjectiveAd6551,False
858,133,1702819875.0,Moonskaraos,False
3896,221,1702819716.0,ObjectiveAd6551,False
3912,193,1702819244.0,3kOlen,False
19891,5136,1702812726.0,kirby__000,False
4847,251,1702798981.0,Miguenzo,False
140,31,1702794033.0,aslan_is_on_the_move,False
1905,58,1702784894.0,stealmovinez,False
9398,1332,1702781324.0,elguiridelocho,False
1592,123,1702774529.0,anstromm,False
352,225,1702773971.0,chillinwithmynwords,False
222,9,1702773616.0,theatlantic,False
127,7,1702770796.0,aslan_is_on_the_move,False
341,20,1702769561.0,3kOlen,False
3108,193,1702767958.0,wenchette,False
9213,632,1702766447.0,RuminatorNZ,False
634,122,1702766198.0,UWCG,False
0,44,1702765878.0,unnecessarycharacter,False
531,45,1702765487.0,southpawFA,False
262,36,1702765378.0,SpaceElevatorMusic,False
931,76,1702765111.0,theindependentonline,False
1121,346,1702765075.0,moo-a-dib,False
182,25,1702763533.0,Oleg101,False
0,139,1702759366.0,jgeorge20,False
3045,72,1702758410.0,Picture-unrelated,False
626,181,1702757395.0,VerdeGringo,False
205,23,1702757178.0,southpawFA,False
459,22,1702756288.0,Lakerlion,False
1082,78,1702755796.0,GDPGDPGDPGDP,False
1743,158,1702754887.0,daisymasked,False
6180,805,1702754459.0,Claeyt,False
59,10,1702753868.0,Anchor_Aways,False
290,18,1702753416.0,davster39,False
199,11,1702752859.0,semafornews,False
2780,126,1702752212.0,PositiveRoofa,False
254,119,1702751791.0,BelleAriel,False
373,30,1702751515.0,newnemo,False
742,21,1702751021.0,gleobeam,False
321,19,1702750027.0,3kOlen,False
0,156,1702748637.0,LeftyBoyo,False
0,74,1702748130.0,newsspotter,False
244,26,1702747026.0,tom90640,False
72,31,1702746514.0,semafornews,False
30363,2354,1702746365.0,0Ring-0,False
7269,586,1702746291.0,PlethoraOfPinatass,False
3154,73,1702745975.0,zaparthes,False
0,105,1702743169.0,theindependentonline,False
61,82,1702742608.0,optimalg,True
0,54,1702742205.0,Soreal45,False
126,58,1702740736.0,nosotros_road_sodium,False
4889,298,1702740612.0,aslan_is_on_the_move,False
539,27,1702740489.0,washingtonpost,False
320,507,1702740389.0,sxyaustincpl,False
1405,226,1702739565.0,SpaceElevatorMusic,False
1510,78,1702739427.0,riden-biden,False
7220,624,1702738652.0,Skinamarinked,False
915,97,1702738251.0,washingtonpost,False
1351,50,1702735511.0,3kOlen,False
55,68,1702735275.0,SpaceElevatorMusic,False
95,24,1702734729.0,TheTelegraph,False
587,55,1702733822.0,zsreport,False
1673,85,1702733170.0,UGMadness,False
1900,105,1702732514.0,zsreport,False
299,25,1702732090.0,rockum,False
1027,53,1702731864.0,rockum,False
865,66,1702731388.0,rockum,False
95,69,1702729507.0,JaneDoeThought,False
253,33,1702729263.0,Sanlear,False
2619,121,1702728633.0,KC_8580,False
480,42,1702727803.0,schadenfreudender,False
578,35,1702727168.0,1313_Mockingbird_Ln,False
1593,110,1702725035.0,Picture-unrelated,False
62,121,1702722816.0,the_cutest_commie,False
18764,1046,1702721950.0,TheTelegraph,False
246,164,1702719292.0,IntelligentExcuse5,False
0,16,1702716542.0,jgeorge20,False
206,119,1702703512.0,kpDzYhUCVnUJZrdEJRni,False
675,96,1702701263.0,jlcliff,False
4825,318,1702700968.0,amir_twist_of_fate,False
491,25,1702700754.0,poop_scallions,False
2336,339,1702697577.0,GonzoVeritas,False
68,2,1702696412.0,RedZoneSunday,False
106,59,1702695854.0,marji80,False
6602,534,1702695712.0,elguiridelocho,False
3556,85,1702695554.0,3Suze,False
5262,260,1702693898.0,marji80,False
103,11,1702693365.0,AceContinuum,False
86,12,1702692478.0,besselfunctions,False
383,42,1702690814.0,newfrontier58,False
469,18,1702688793.0,3kOlen,False
815,103,1702688427.0,Arrest_The_President,False
2095,100,1702688191.0,ColtonSlade,False
0,33,1702687539.0,HaTzoref,False
83,6,1702686044.0,throwaway16830261,False
257,68,1702684146.0,aslan_is_on_the_move,False
0,146,1702682637.0,dacution,False
168,23,1702681665.0,theatlantic,False
0,32,1702679995.0,dacution,False
163,76,1702679334.0,Claeyt,False
783,89,1702678196.0,Datdarnpupper,False
313,21,1702678114.0,tabrizzi,False
80,125,1702678097.0,SpaceElevatorMusic,False
199,49,1702678088.0,dacution,False
74,10,1702677699.0,ZozicGaming,False
1891,156,1702677642.0,southpawFA,False
249,7,1702677571.0,SharpCartographer831,False
413,19,1702676962.0,NewsHour,False
2016,129,1702676640.0,bored-now,False
197,7,1702676618.0,boxfullofirony,False
268,13,1702676149.0,konorM,False
377,24,1702676147.0,thenewrepublic,False
3451,196,1702675723.0,RuminatorNZ,False
477,35,1702675699.0,Thanamite,False
206,7,1702675690.0,nyerinup,False
180,11,1702675652.0,sabedo,False
182,12,1702675598.0,theindependentonline,False
493,35,1702675476.0,coasterghost,False
301,11,1702675454.0,horriblemonkey,False
384,32,1702675380.0,Picture-unrelated,False
31776,1866,1702675282.0,TheMessengerNews,False
408,110,1702674545.0,SpaceElevatorMusic,False
109,2,1702674525.0,theindependentonline,False
150,9,1702673119.0,Content-Carpenter833,False
133,8,1702672822.0,3kOlen,False
3166,130,1702672604.0,nosotros_road_sodium,False
0,21,1702672005.0,Ecstatic_Choice_5482,False
39,7,1702671770.0,schottslc,False
7681,727,1702670466.0,newnemo,False
525,167,1702670313.0,theindependentonline,False
2447,81,1702669324.0,itsgoodpain,False
0,60,1702669005.0,TheTelegraph,False
3805,355,1702667608.0,3kOlen,False
146,32,1702667316.0,TheMessengerNews,True
328,26,1702667194.0,Afrin_Drip,False
34,29,1702667084.0,NewsHour,False
0,20,1702666963.0,CBSnews,False
266,19,1702666473.0,southpawFA,False
523,25,1702665737.0,GDPGDPGDPGDP,False
25,6,1702665729.0,AngelaMotorman,False
3351,128,1702665645.0,SocialDemocracies,False
0,6,1702664889.0,paul_kinsey,False
471,19,1702663981.0,Infidel8,False
0,177,1702663794.0,thenewrepublic,False
4438,252,1702663516.0,UWCG,False
211,23,1702663315.0,gradientz,False
0,21,1702663020.0,joshtalife,False
0,86,1702662565.0,jayfeather31,False
795,88,1702662476.0,temporarycreature,False
563,11,1702662463.0,Trick_Condition1362,False
33,22,1702661709.0,newsspotter,False
88,32,1702661640.0,Dial8675309,False
108,27,1702660413.0,theindependentonline,False
1742,35,1702660144.0,devlinadl,False
101,9,1702659608.0,3kOlen,False
1107,76,1702659342.0,devlinadl,False
1902,343,1702659266.0,AkitaBijin,False
7449,386,1702657112.0,Arrest_The_President,False
160,12,1702657091.0,EagleFly_5,False
1201,338,1702656640.0,wenchette,False
15871,985,1702656533.0,thenewrepublic,False
98,6,1702654770.0,SpaceElevatorMusic,False
173,18,1702654061.0,comtedeRochambeau,False
0,56,1702653833.0,1-randomonium,False
1590,54,1702653745.0,PrestoVivace,False
226,17,1702653265.0,thedailybeast,False
149,16,1702652934.0,washingtonpost,False
288,17,1702652861.0,TheMessengerNews,False
125,131,1702652245.0,bostonglobe,False
5,37,1702652183.0,metacyan,False
207,31,1702651514.0,washingtonpost,False
171,51,1702651066.0,konorM,False
1152,34,1702650704.0,johnnybiggles,False
0,133,1702650371.0,bloomberg,False
76,11,1702650034.0,OregonTripleBeam,False
0,17,1702649874.0,MuzzleO,False
412,44,1702649202.0,FlintBlue,False
210,26,1702648658.0,StuFromSilverSpring,False
108,22,1702646865.0,Moonskaraos,False
280,10,1702646673.0,1900grs,False
0,74,1702646122.0,jgeorge20,False
16221,1064,1702646084.0,moo-a-dib,False
1663,30,1702645368.0,JulesVelour,False
946,1091,1702644750.0,GreaterMintopia,False
2325,110,1702644127.0,mintaphil,False
0,99,1702643615.0,moo-a-dib,False
3899,202,1702643034.0,blllrrrrr,False
0,6,1702642567.0,OtmShanks55,False
1508,169,1702641474.0,zsreport,False
246,52,1702640740.0,Cavane42,False
1080,56,1702640498.0,EditorRedditer,False
7472,394,1702640144.0,BelleAriel,False
187,12,1702639221.0,ToffeeFever,False
2550,248,1702638534.0,Picture-unrelated,False
593,15,1702638396.0,Querch,False
5964,698,1702630862.0,BidenBeliever,False
74,28,1702630245.0,the_cutest_commie,False
1423,187,1702624956.0,Dmitriy_Smirnov,False
16,4,1702624259.0,SpiritofBad,False
142,3,1702617695.0,Hrmbee,False
3976,125,1702616510.0,malcolm58,False
106,40,1702608935.0,DeathClawdVanDamn,False
717,54,1702608759.0,Infidel8,False
1392,150,1702604838.0,grassrootbeer,False
5234,471,1702603774.0,fungobat,False
221,26,1702601706.0,3kOlen,False
1882,61,1702600239.0,sxyaustincpl,False
2267,56,1702599907.0,axios,False
17430,1091,1702599438.0,Picture-unrelated,False
203,23,1702598890.0,Pandathesecond,False
0,19,1702596689.0,jgeorge20,False
0,174,1702595815.0,dacution,False
103,18,1702595320.0,axios,False
195,30,1702594838.0,Message_10,False
1642,45,1702594751.0,iymcool,False
70,63,1702593873.0,CBSnews,False
1154,73,1702592095.0,TheMessengerNews,False
227,51,1702591526.0,GirasoleDE,False
188,9,1702590880.0,EternalGandhi,False
124,44,1702590226.0,thenewyorktimes,False
0,171,1702589241.0,Content-Carpenter833,False
39,18,1702589153.0,Da_Malpais_Legate,False
20,43,1702588876.0,garrishfish,False
1466,67,1702588482.0,blllrrrrr,False
29,18,1702588359.0,PandaMuffin1,False
90,14,1702588014.0,Lakerlion,False
43,41,1702587963.0,theindependentonline,False
829,50,1702587830.0,Quirkie,False
26,8,1702587553.0,GothamistWNYC,False
78,17,1702587310.0,DLife4Me,False
3681,319,1702587143.0,Yapispro,False
512,189,1702587110.0,lankymapl,False
310,68,1702586857.0,temporarycreature,False
940,135,1702586591.0,thenewrepublic,False
843,33,1702586383.0,Quirkie,False
9,4,1702586189.0,sidianmsjones,False
763,131,1702585869.0,StuFromSilverSpring,False
20,156,1702585619.0,Arkham2015,False
55,3,1702585505.0,Picture-unrelated,False
559,49,1702585246.0,devlinadl,False
202,13,1702585103.0,southpawFA,False
177,11,1702583078.0,bloombergopinion,False
10,27,1702583040.0,theindependentonline,False
154,24,1702582938.0,Pet1003,False
5051,220,1702582733.0,thenewrepublic,False
773,88,1702582321.0,addled_and_old,False
188,13,1702581979.0,TheMessengerNews,False
2,17,1702581782.0,nahalkishon,False
727,50,1702581315.0,nacorom,False
0,18,1702581038.0,HaTzoref,False
2147,74,1702581033.0,craywelp,False
47,7,1702580876.0,CrotalusHorridus,False
0,83,1702580806.0,david-writers,False
100,29,1702580581.0,mockingbird-,False
16,16,1702580139.0,GDPGDPGDPGDP,False
46,23,1702579221.0,inthesetimesmag,False
102,24,1702578116.0,YamahaRyoko,False
339,10,1702577944.0,Afrin_Drip,False
1380,108,1702577838.0,paul_kinsey,False
321,36,1702577585.0,rit56,False
211,14,1702577577.0,D-R-AZ,False
47,7,1702577408.0,Sandstorm400,False
10,9,1702577346.0,Starks,False
33,24,1702576707.0,PrestoVivace,False
10842,635,1702576655.0,aslan_is_on_the_move,False
33877,1542,1702576278.0,PandaMuffin1,False
103,8,1702576166.0,wenchette,False
488,24,1702576005.0,kirby__000,False
119,31,1702575853.0,HyacinthFT,False
103,6,1702575828.0,aslan_is_on_the_move,False
10,10,1702574962.0,semafornews,False
315,80,1702574707.0,newsspotter,False
109,7,1702574544.0,HistoricalMeeting346,False
468,47,1702574394.0,sxyaustincpl,False
143,31,1702574001.0,3kOlen,False
36,11,1702573581.0,Helmidoric_of_York,False
433,17,1702572147.0,poop_scallions,False
281,20,1702571771.0,Afrin_Drip,False
4926,485,1702571658.0,Ecstatic_Choice_5482,False
2384,362,1702571517.0,BelleAriel,False
234,4,1702570476.0,UWCG,False
0,163,1702569763.0,Powerful-Ad4837,False
64,4,1702569715.0,OregonTripleBeam,False
428,26,1702569620.0,shelbys_foot,False
260,7,1702569514.0,washingtonpost,False
340,28,1702569410.0,thenationmagazine,False
145,17,1702568808.0,LurkmasterGeneral,False
207,30,1702568569.0,washingtonpost,False
28,6,1702567911.0,throwaway16830261,False
0,81,1702567427.0,BidenBeliever,False
0,9,1702567348.0,thenewrepublic,False
46,2,1702566891.0,GothamistWNYC,False
3005,186,1702565853.0,metacyan,False
40,16,1702565847.0,D-R-AZ,False
88,3,1702565504.0,3kOlen,False
71,36,1702564910.0,FootballImpossible38,False
1888,159,1702564700.0,SpaceElevatorMusic,False
262,11,1702564673.0,Pikamander2,False
0,26,1702564578.0,Dial8675309,False
174,47,1702564303.0,D-R-AZ,False
392,66,1702562842.0,BelleAriel,False
5366,346,1702562179.0,TheMessengerNews,False
159,34,1702559369.0,SpaceElevatorMusic,False
24325,2764,1702559207.0,jewelandparsons,False
62,38,1702557392.0,1-randomonium,False
275,42,1702556743.0,newsspotter,False
7166,217,1702556733.0,SpaceElevatorMusic,False
315,33,1702556462.0,vincevega87,False
0,32,1702556248.0,1-randomonium,False
1278,240,1702556190.0,Dmitriy_Smirnov,False
58,6,1702555988.0,zsreport,False
80,79,1702555915.0,bostonglobe,False
0,6,1702555761.0,aluminumdisc,False
2766,164,1702555694.0,OtmShanks55,False
6277,626,1702555639.0,newnemo,False
655,43,1702554992.0,UnlikelyAdventurer,False
818,10,1702554100.0,zsreport,False
1071,28,1702554076.0,1900grs,False
1822,52,1702553612.0,pokeplayer984,False
496,50,1702552962.0,BlitzOrion,False
2097,218,1702552705.0,kirby__000,False
266,24,1702550144.0,thisisinsider,False
20,27,1702548700.0,Relevant_Ninja2251,False
266,5,1702547005.0,Newscast_Now,False
70,9,1702546705.0,moo-a-dib,False
2959,284,1702545973.0,PinkNews,False
45,5,1702537599.0,nosotros_road_sodium,False
39,62,1702535928.0,readinggpro1,False
35,15,1702535551.0,ParadeSit,False
33,7,1702535029.0,E4g6d4bg7,False
3515,204,1702531473.0,D-R-AZ,False
0,32,1702530892.0,takahashitakako,False
136,9,1702530532.0,paulfromatlanta,False
504,59,1702530237.0,D-R-AZ,False
151,21,1702527593.0,leeta0028,False
0,74,1702527291.0,illegiblebastard,False
308,15,1702526154.0,abourne,False
16,17,1702524834.0,Helicase21,False
736,21,1702524793.0,Picture-unrelated,False
203,16,1702523507.0,the_cutest_commie,False
450,15,1702523331.0,ParadeSit,False
82,19,1702523302.0,OrganicAbilitys,False
17,5,1702523026.0,Afrin_Drip,False
96,60,1702522650.0,Plastic-Age5205,False
216,2,1702521372.0,Afrin_Drip,False
22559,1835,1702521277.0,Beckles28nz,False
3028,304,1702520627.0,moo-a-dib,False
3183,133,1702517996.0,Picture-unrelated,False
75,83,1702517512.0,lordcthulhu17,False
14,6,1702517465.0,mhb-210-,False
270,46,1702516221.0,nutritionvegan,False
0,106,1702516070.0,jgeorge20,False
44,9,1702515308.0,stealmovinez,False
632,45,1702514745.0,readinggpro1,False
153,19,1702514170.0,schottslc,False
1177,149,1702512998.0,8AndAHalfInchNails,False
639,80,1702512089.0,Hrmbee,False
38,57,1702511370.0,aslan_is_on_the_move,False
182,55,1702510988.0,Amethyst547,False
2536,150,1702510874.0,UWCG,False
178,184,1702509301.0,ramblinghobbit,False
5,5,1702509287.0,aslan_is_on_the_move,False
53,2,1702509157.0,HaTzoref,False
4,7,1702508687.0,nahalkishon,False
674,25,1702508566.0,Afrin_Drip,False
151,9,1702508435.0,lonestarlive,False
0,71,1702508287.0,Shaabloips,False
78,14,1702508118.0,AndicusPrime,False
0,17,1702508101.0,ElijahPepe,False
3981,911,1702508040.0,johnnybiggles,False
0,45,1702507863.0,TheMessengerNews,False
68,7,1702507800.0,Scarlettail,False
147,54,1702507392.0,3kOlen,False
89,24,1702506776.0,flounder19,False
286,43,1702506655.0,Juventus19,False
122,11,1702506456.0,Agreeable-Rooster-37,False
0,86,1702505523.0,CBSnews,False
98,4,1702505511.0,captainquirk,False
2157,42,1702505449.0,MasterMahanaYouUgly,False
64,13,1702504779.0,MyPasswordIs222222,False
54,5,1702504550.0,DerangedUnicorn27,False
40,9,1702504549.0,metacyan,False
35,9,1702503654.0,najumobi,False
204,27,1702503261.0,southpawFA,False
229,8,1702503250.0,lotta_love,False
2220,273,1702503170.0,UnlikelyAdventurer,False
480,16,1702502134.0,tubulerz1,False
157,27,1702502099.0,koopolil,False
588,133,1702501863.0,ImLikeReallySmart,False
28,3,1702501803.0,asminaut,False
5912,79,1702500974.0,D-R-AZ,False
61,23,1702500732.0,coasterghost,False
364,4,1702500681.0,pokeplayer984,False
3760,113,1702500663.0,keyjan,False
66,2,1702500168.0,opensecrets_dc,False
42,28,1702500084.0,moo-a-dib,False
73,10,1702499942.0,RedZoneSunday,False
70,39,1702499800.0,solsangraal,False
36,16,1702499768.0,Beckles28nz,False
53,8,1702499436.0,swazal,False
26,4,1702498485.0,axios,False
61,174,1702498038.0,steamwebbrowser,False
151,26,1702497976.0,theindependentonline,False
402,13,1702497895.0,Sandstorm400,False
197,3,1702497562.0,mlivesocial,False
416,30,1702497234.0,Quirkie,False
61,74,1702497181.0,davster39,False
2360,126,1702497161.0,Arrest_The_President,False
148,43,1702497079.0,iammandalore,False
13,41,1702496618.0,pokeplayer984,False
184,40,1702495648.0,Haltopen,False
341,27,1702494346.0,washingtonpost,False
0,11,1702494011.0,1-randomonium,False
2605,119,1702493658.0,3kOlen,False
0,94,1702493420.0,jayfeather31,False
102,10,1702493194.0,imawakened,False
194,9,1702493156.0,UWCG,False
16568,2375,1702493144.0,Quirkie,False
28,5,1702492322.0,Doctor_YOOOU,False
1414,187,1702492281.0,flowermilktea,False
961,92,1702492185.0,rollingstone,False
342,77,1702490953.0,axios,False
7541,405,1702490579.0,thenewrepublic,False
0,21,1702490368.0,newfrontier58,False
85,14,1702489733.0,pennlive,False
10,6,1702489506.0,aslan_is_on_the_move,False
547,17,1702489342.0,zsreport,False
334,52,1702489119.0,southpawFA,False
114,44,1702488983.0,mzpip,False
1055,50,1702488683.0,newnemo,False
127,22,1702488604.0,theatlantic,False
0,11,1702487908.0,jgeorge20,False
4075,196,1702487509.0,Afrin_Drip,False
476,114,1702486891.0,bloombergopinion,False
1938,68,1702486535.0,Quirkie,False
45,34,1702486511.0,DaveP0953,False
0,84,1702485916.0,drunkteacher69,False
0,14,1702485617.0,Idsuab,False
109,15,1702485347.0,SPUDRacer,False
53,7,1702484487.0,SpaceElevatorMusic,False
4494,172,1702484465.0,progress18,False
53,14,1702484346.0,3kOlen,False
856,30,1702483083.0,jlbhappy,False
1713,157,1702482292.0,PrestoVivace,False
1388,41,1702482002.0,moo-a-dib,False
57,56,1702481697.0,Paul_Allens_AR15,False
228,28,1702481539.0,washingtonpost,False
65,22,1702481436.0,thenewrepublic,False
46,2,1702481421.0,besselfunctions,False
207,18,1702481207.0,kbxsgo99,False
545,35,1702481089.0,4blockhead,False
32,10,1702480632.0,bloomberggovernment,False
0,31,1702480536.0,Helicase21,False
1964,92,1702480447.0,thenewrepublic,False
94,80,1702480258.0,PinkNews,False
601,94,1702480218.0,krichcomix,False
7303,530,1702479803.0,FinallyNoelle,False
267,32,1702479588.0,krichcomix,False
106,32,1702479552.0,Plastic-Age5205,False
11023,777,1702479532.0,Realistic_Post_7511,False
123,8,1702479505.0,StuFromSilverSpring,False
2149,590,1702479055.0,BelleAriel,False
1858,220,1702478811.0,HagbardCelineHMSH,False
92,15,1702478398.0,larel8,False
305,11,1702478305.0,washingtonpost,False
468,143,1702477940.0,3kOlen,False
0,16,1702477627.0,zaorocks,False
3192,77,1702477394.0,larel8,False
5341,696,1702477379.0,blllrrrrr,False
0,55,1702477206.0,TheTelegraph,False
76,7,1702477052.0,Ecstatic_Choice_5482,False
170,18,1702476840.0,D-R-AZ,False
336,21,1702476828.0,Moonskaraos,False
867,21,1702476489.0,washingtonpost,False
0,73,1702475776.0,Powerful-Ad4837,False
1090,36,1702474838.0,theindependentonline,False
409,118,1702474375.0,JaneDoeThought,False
2759,223,1702472037.0,semaphore-1842,False
247,16,1702471803.0,melville48,False
6524,365,1702471088.0,blllrrrrr,False
1879,85,1702469953.0,blllrrrrr,False
805,100,1702469105.0,zsreport,False
4169,536,1702468635.0,newsweek,False
128,16,1702468095.0,UGMadness,False
612,58,1702467656.0,zsreport,False
19758,2628,1702467297.0,TheTelegraph,False
373,55,1702466581.0,HeHateMe337,False
146,60,1702465819.0,joehatescoffee,False
3,3,1702465288.0,throwaway16830261,False
2104,110,1702455687.0,Swissgirl2,False
14,21,1702455187.0,savuporo,False
125,2,1702452582.0,paz2023,False
1347,184,1702451879.0,ColtonSlade,False
0,52,1702450782.0,sexychineseguy,False
114,33,1702446807.0,zaparthes,False
0,51,1702443900.0,redditor01020,False
0,175,1702442852.0,BidenBeliever,False
139,65,1702442478.0,brown-saiyan,False
0,188,1702441584.0,Watchakow,False
104,3,1702439870.0,CarliePeek,False
1970,157,1702439156.0,DallasBoy95,False
925,34,1702438854.0,moderatenerd,False
215,97,1702437839.0,the_cutest_commie,False
344,59,1702437332.0,D-R-AZ,False
63,69,1702436704.0,praguepride,False
47,9,1702435015.0,FootballImpossible38,False
6368,356,1702432204.0,DeathClawdVanDamn,False
216,99,1702431216.0,Pesci_Avocado,False
0,18,1702431184.0,semafornews,False
940,51,1702430448.0,Moonskaraos,False
115,37,1702430013.0,aslan_is_on_the_move,False
779,38,1702429265.0,NewsHour,False
98,8,1702429121.0,koopolil,False
2903,170,1702428996.0,3kOlen,False
426,39,1702428373.0,krichcomix,False
1690,32,1702427872.0,Scarlettail,False
52,53,1702427392.0,krichcomix,False
14377,2035,1702427365.0,Beckles28nz,False
380,134,1702424455.0,Scarlettail,False
673,28,1702424319.0,Aeronova20,False
3090,217,1702422438.0,Scarlettail,False
3955,327,1702422246.0,leeta0028,False
161,62,1702421183.0,AndicusPrime,False
382,112,1702420097.0,Afrin_Drip,False
365,18,1702419567.0,RedZoneSunday,False
138,13,1702419425.0,zsreport,False
176,21,1702419303.0,theindependentonline,False
858,104,1702418762.0,Ok_World_8819,False
160,14,1702418651.0,1900grs,False
158,25,1702417890.0,sabedo,False
306,37,1702417622.0,Pitiful-Land7281,False
97,13,1702416852.0,WouldbeWanderer,False
132,4,1702416167.0,jerrylovesbacon,False
78,30,1702415658.0,VICENews,False
153,30,1702415636.0,Ganon_Cubana,False
2244,99,1702415496.0,Beckles28nz,False
1545,98,1702415005.0,devlinadl,False
102,72,1702414648.0,pokeplayer984,False
101,27,1702414334.0,CBSnews,False
752,21,1702414047.0,GothamistWNYC,False
152,5,1702413491.0,ONE-OF-THREE,False
925,55,1702412983.0,UWCG,False
66,11,1702412788.0,hunter15991,False
862,59,1702412677.0,GirasoleDE,False
304,3,1702412562.0,FinallyNoelle,False
6304,179,1702412510.0,thenewrepublic,False
3860,132,1702412137.0,coasterghost,False
2592,110,1702412059.0,PrestoVivace,False
334,95,1702411954.0,rollingstone,False
120,17,1702411915.0,washingtonpost,False
138,34,1702411838.0,lonestarlive,False
0,35,1702410595.0,jgeorge20,False
438,11,1702410197.0,Plastic-Age5205,False
243,42,1702409930.0,kpDzYhUCVnUJZrdEJRni,False
6,19,1702409721.0,thedailybeast,False
148,29,1702409347.0,Mtzjack,False
361,18,1702408992.0,devlinadl,False
722,29,1702408771.0,KC_8580,False
2246,345,1702407978.0,theindependentonline,False
634,209,1702407936.0,Deadmau007,False
15145,574,1702407126.0,Quirkie,False
82,18,1702406941.0,pokeplayer984,False
0,15,1702406912.0,newzee1,False
54,5,1702406759.0,davster39,False
179,7,1702406714.0,VICENews,False
0,6,1702406428.0,jayfeather31,False
322,58,1702406258.0,Quirkie,False
275,124,1702406009.0,FloridaGirlNikki,False
67,1,1702405668.0,EmptySpaceForAHeart,False
2299,84,1702405645.0,ppldontread,False
110,41,1702404702.0,vincevega87,False
0,4,1702404614.0,axios,False
128,10,1702404532.0,UWCG,False
0,19,1702404487.0,Content-Carpenter833,False
3334,767,1702404065.0,IngsocInnerParty,False
22,21,1702403891.0,CBSnews,False
1346,75,1702403493.0,zsreport,False
0,102,1702402521.0,newsspotter,False
0,129,1702402136.0,jayfeather31,False
16359,847,1702401834.0,Picture-unrelated,False
432,71,1702401596.0,newfrontier58,False
7036,324,1702400588.0,thenewrepublic,False
78,99,1702400235.0,aslan_is_on_the_move,False
901,72,1702400102.0,ChibbleChobble,False
1296,53,1702399843.0,washingtonpost,False
80,10,1702399704.0,UWCG,False
2727,71,1702399332.0,Quirkie,False
105,92,1702399274.0,aslan_is_on_the_move,False
1087,95,1702398920.0,NANUNATION,False
0,58,1702398788.0,jlbhappy,False
499,29,1702398387.0,washingtonpost,False
113,33,1702398001.0,Plastic-Age5205,False
864,21,1702397980.0,Raspberries-Are-Evil,False
1481,54,1702397956.0,Quirkie,False
561,49,1702397906.0,3kOlen,False
3968,147,1702397531.0,davster39,False
0,20,1702397203.0,Reader5744,False
1087,58,1702396933.0,RJC111,False
292,53,1702396638.0,ServingwithTG,False
299,12,1702396281.0,nutritionvegan,False
27,30,1702396122.0,gashgoldvermilion,False
449,89,1702394756.0,theatlantic,False
134,10,1702394527.0,mcthrowawayman1,False
38,9,1702394376.0,washingtonpost,False
833,92,1702394263.0,metacyan,False
144,52,1702394032.0,Stimul8ed,False
2620,177,1702393760.0,BelleAriel,False
0,83,1702393605.0,Individual99991,False
8441,1152,1702393069.0,TheMessengerNews,False
68,24,1702392775.0,bambin0,False
111,18,1702392635.0,SAT0725,False
61,6,1702391641.0,ParadeSit,False
221,13,1702391264.0,D-R-AZ,False
40,51,1702390072.0,semafornews,False
714,18,1702389701.0,blllrrrrr,False
17,17,1702388522.0,SpaceElevatorMusic,False
91,15,1702388225.0,theindependentonline,False
1250,78,1702388139.0,Afrin_Drip,False
270,24,1702387414.0,OtmShanks55,False
190,13,1702387013.0,VICENews,False
304,22,1702386259.0,Hrmbee,False
1384,75,1702386138.0,robywar,False
99,11,1702384770.0,3kOlen,False
2049,132,1702384466.0,newnemo,False
13105,870,1702384095.0,blllrrrrr,False
93,6,1702382932.0,BotZapper98K,False
30215,2418,1702382436.0,semaphore-1842,False
4062,1004,1702380936.0,solsangraal,False
509,100,1702380821.0,zsreport,False
88,20,1702378388.0,Picture-unrelated,False
42,21,1702364892.0,brown-saiyan,False
30,8,1702363200.0,nosotros_road_sodium,False
115,25,1702360134.0,Pet1003,False
653,41,1702359799.0,ksiyoto,False
965,341,1702356198.0,Competitive-Note150,False
57,17,1702355718.0,ramblinghobbit,False
164,30,1702355612.0,Oleg101,False
36,13,1702354106.0,ramblinghobbit,False
0,30,1702349705.0,PeliPal,False
681,1832,1702349076.0,Current-Bridge-9422,False
1074,45,1702348900.0,Oleg101,False
3072,223,1702347796.0,Afrin_Drip,False
274,92,1702347694.0,Quiet_Dimensions,False
133,9,1702346653.0,TurretLauncher,False
0,150,1702346280.0,solsangraal,False
534,497,1702346269.0,matar48,False
1891,45,1702345682.0,Beckles28nz,False
97,269,1702344779.0,weareallpatriots,False
375,51,1702344584.0,axios,False
0,49,1702343026.0,ColtonSlade,False
169,29,1702342925.0,axios,False
6607,211,1702342171.0,Bluerecyclecan,False
137,37,1702342112.0,mfGLOVE,False
83,17,1702341915.0,GonzoVeritas,False
258,22,1702340470.0,southpawFA,False
0,65,1702340188.0,jgeorge20,False
1085,121,1702339835.0,aggie1391,False
2582,129,1702338615.0,Marathon2021,False
8376,908,1702337255.0,Rock-n-roll-Kevin,False
4352,344,1702336498.0,wenchette,False
0,55,1702336495.0,jayfeather31,False
348,86,1702336207.0,nutritionvegan,False
200,16,1702335886.0,Starks,False
2517,65,1702335783.0,solsangraal,False
152,27,1702335035.0,Orwick,False
146,7,1702334992.0,3kOlen,False
150,48,1702334338.0,J_ablo,False
298,117,1702334104.0,newsspotter,False
0,54,1702333039.0,OrganicAbilitys,False
101,36,1702332508.0,Starks,False
167,26,1702331214.0,Ecstatic_Choice_5482,False
163,28,1702331063.0,TheMessengerNews,False
511,81,1702329477.0,VICENews,False
3084,226,1702329427.0,KC_8580,False
0,120,1702329328.0,jayfeather31,False
298,11,1702329204.0,marji80,False
302,15,1702328997.0,9mac,False
4318,141,1702328850.0,VICENews,False
0,194,1702328805.0,Buckowski66,False
375,154,1702328073.0,thisisinsider,False
97,8,1702327649.0,OrganicAbilitys,False
135,10,1702327635.0,chockedup,False
65,12,1702327080.0,bored-now,False
776,86,1702326218.0,3kOlen,False
1038,121,1702326145.0,YouStupidCunt,False
705,14,1702325035.0,Afrin_Drip,False
2241,203,1702324851.0,lonestarlive,False
4285,513,1702324601.0,liaoming,False
0,70,1702323744.0,thedailybeast,False
48,7,1702323644.0,snesdreams,False
188,45,1702323215.0,thenewrepublic,False
109,108,1702322925.0,mguyer2018aa,False
11186,1305,1702322914.0,jtroye32,False
374,24,1702322825.0,anxietystrings,False
6,9,1702322703.0,newsspotter,False
717,30,1702322557.0,lonestarlive,False
986,74,1702321779.0,lotta_love,False
511,54,1702321569.0,Sofa__King__Cool,False
835,15,1702321466.0,walkinman19,False
132,19,1702321355.0,kelsier24,False
3782,37,1702321225.0,newnemo,False
6260,560,1702320974.0,UWCG,False
389,30,1702320666.0,aslan_is_on_the_move,False
62,1,1702320185.0,SaveDnet-FRed0,False
94,146,1702320035.0,EdithDich,False
0,28,1702319489.0,jgeorge20,False
5,12,1702319436.0,Reader5744,False
238,7,1702319302.0,Plastic-Age5205,False
271,32,1702319236.0,bored-now,False
605,14,1702318906.0,southpawFA,False
3993,255,1702318808.0,TheCee,False
121,7,1702318775.0,stochasticschock,False
25,26,1702318739.0,theindependentonline,False
343,17,1702318313.0,Plastic-Age5205,False
8,15,1702318192.0,aslan_is_on_the_move,False
0,4,1702318149.0,metacyan,False
89,9,1702317575.0,PureBones,False
687,63,1702317466.0,zeesh10,False
115,25,1702317278.0,HeHateMe337,False
371,21,1702316898.0,vulcan_on_earth,False
21964,2348,1702316833.0,mvanigan,False
187,8,1702316818.0,TheMessengerNews,False
3960,415,1702316740.0,MrsBasket,False
134,41,1702315924.0,aslan_is_on_the_move,False
51,37,1702315409.0,ramblinghobbit,False
581,15,1702314950.0,nacorom,False
52,8,1702314314.0,optimalg,True
252,41,1702313982.0,1313_Mockingbird_Ln,False
1405,105,1702313170.0,AlwaysTheNoob,False
0,13,1702312885.0,Starks,False
97,18,1702312586.0,GetEdgeful,False
38,3,1702312417.0,Yoyoyoyoyoyoyoyo197,False
330,29,1702312132.0,ramblinghobbit,False
51,138,1702311456.0,madcowga,False
184,57,1702311438.0,PinkNews,False
128,17,1702311399.0,Confused5423,False
1446,257,1702310947.0,SpaceElevatorMusic,False
199,5,1702310353.0,AndicusPrime,False
0,17,1702310227.0,theindependentonline,False
0,29,1702310117.0,harble8,False
326,66,1702309946.0,newsweek,False
38,22,1702307124.0,theatlantic,False
1097,137,1702306990.0,BelleAriel,False
75,12,1702306904.0,KC_8580,False
784,37,1702306103.0,SpaceElevatorMusic,False
3391,451,1702305824.0,keyjan,False
43,14,1702305589.0,Death_and_Gravity1,False
85,8,1702305000.0,D-R-AZ,False
0,15,1702304599.0,jecht8,False
1413,122,1702304025.0,bored-now,False
87,11,1702303369.0,SpaceElevatorMusic,False
4808,246,1702301873.0,bostonglobe,False
242,5,1702301803.0,newnemo,False
2858,386,1702300631.0,D-R-AZ,False
2494,304,1702300117.0,SouthofAkron,False
0,203,1702299867.0,Death_and_Gravity1,False
0,66,1702298771.0,nikola28,False
1578,100,1702298670.0,D-R-AZ,False
166,11,1702298481.0,aluminumdisc,False
325,24,1702298178.0,OtmShanks55,False
974,49,1702297184.0,semafornews,False
544,46,1702296975.0,washingtonpost,False
426,11,1702293907.0,zsreport,False
18168,1155,1702293678.0,PinkNews,False
892,23,1702292951.0,3kOlen,False
240,295,1702292778.0,moo-a-dib,False
4683,266,1702291651.0,vincevega87,False
24,35,1702289533.0,WombatusMighty,False
37,22,1702289060.0,Pleasant-Force,False
338,484,1702280523.0,HaTzoref,False
0,63,1702279641.0,JaneDoeThought,False
172,43,1702277117.0,thentheresthattoo,False
0,37,1702275289.0,trollyousoftly,False
127,27,1702274783.0,newzee1,False
378,20,1702269850.0,Apprehensive_Sleep_4,False
168,79,1702267571.0,IngsocInnerParty,False
94,6,1702266325.0,Oleg101,False
4819,629,1702264084.0,moneymonster420,False
0,176,1702261113.0,imart455,False
0,27,1702259837.0,stealmovinez,False
3292,71,1702259184.0,semafornews,False
1791,188,1702256491.0,Powerful-Ad4837,False
330,69,1702255757.0,davster39,False
284,25,1702255549.0,Bluerecyclecan,False
74,60,1702251690.0,jgeorge20,False
720,162,1702251086.0,theatlantic,False
0,75,1702250945.0,Acadia_Due,False
447,118,1702250116.0,nutritionvegan,False
2805,224,1702248164.0,FloridaGirlNikki,False
3978,296,1702246108.0,m0i0k0e0,False
0,87,1702246096.0,redditor01020,False
1263,237,1702245500.0,OwnBattle8805,False
